,Lasso,Ridge,ElasticNet,KNN,DT,RF,AdaBoost,GBoost,MLP,LinearSVR
rmse,0.15924018153303782,0.12897017156794546,0.15924018153303782,0.13997110240589333,0.13852106045754406,0.13297122530622205,0.12972967725229156,0.13362598709906778,0.1381836095774068,0.17647882049181612
mean_ae,0.13157982657834355,0.10040797769317338,0.13157982657834355,0.10871985692165934,0.10819557855988385,0.10797259645892869,0.10547250937591221,0.1086907618824113,0.1081914992764789,0.13063413425887044
median_ae,0.12269893080122829,0.0829087756700426,0.12269893080122829,0.0874861590909091,0.08848884111296103,0.09506399729048097,0.09174532831275993,0.09543998510549714,0.08886310642321735,0.1045628152932899
